{"chunk_definitions":[{"chunk_id":"caucqspa7a31e","chunk_label":"unnamed-chunk-1","document_id":"18248E2C","expansion_state":0,"options":{"echo":true,"engine":"r","label":"unnamed-chunk-43","message":false,"paged.print":false,"warning":false},"row":14,"row_count":1,"visible":true},{"chunk_id":"c2f53qr7b257d","chunk_label":"unnamed-chunk-2","document_id":"18248E2C","expansion_state":0,"options":{"engine":"r","label":"unnamed-chunk-48"},"row":40,"row_count":1,"visible":true},{"chunk_id":"c8y1iwq5lxlbj","chunk_label":"unnamed-chunk-4","document_id":"18248E2C","expansion_state":0,"options":{"engine":"r","label":"unnamed-chunk-58"},"row":56,"row_count":1,"visible":true}],"chunk_rendered_width":700,"doc_write_time":1542759337}