"0","# keep observations whose age is 18 or older"
"0","data <- filter(data,data$AGE16X>17)"
"0","# trim certain variables that contain strings"
"0","for (i in c(""SEX"",""RACETHX"",""INSURC16"")) {"
"0","    data[[i]] <- substr(data[[i]],1,1)"
"0","}"
"0","for (i in c(""HIDEG"",""RTHLTH31"",""MNHLTH31"",""EMPST31H"",""JTPAIN31"", select_vars(names(data),matches('^.+(DX)$')))) {"
"0","    data[[i]] <- substr(data[[i]],1,2)"
"0","}"
"0","# convert all variables to numeric format"
"0","for (i in 1:ncol(data)){"
"0","  if (class(data[[i]])!=""numeric""){"
"0","    data[[i]] <- as.numeric(data[[i]])"
"0","  }"
"0","}"
"2","NAs introduced by coercion"
"0","# delete observations with inapplicable responses"
"0","data <- filter_all(data,all_vars(.!=-1))"
"0","# calculate insurance coverage"
"0","# coverage = 1- (total out-of-pocket/total health expenditure)"
"0","for (i in 1:nrow(data)) {"
"0","  ifelse(data[i,""TOTEXP16""]!=0,data[i,""Coverage""] <- round(1-data[i,""TOTSLF16""]/data[i,""TOTEXP16""],2), data[i,""Coverage""] <- 0)"
"0","}"
